"Date","Monthly Oil (m³)","Monthly Gas (e³m³)","Monthly Water (m³)","Water Cut","% of Days Active","GOR","Monthly Total Fluid (m³)","Total NGL","Hours","Source"
"1961-12-01",46064.8,1334.9,167.7,0.004,0,29,46232.5,,0,"Government"
"1962-01-01",479.6,10.5,,,0,21.9,479.6,,0,"Government"
"1962-02-01",271.3,5.9,,,0,21.7,271.3,,0,"Government"
"1962-03-01",330.5,6.8,,,0,20.6,330.5,,0,"Government"
"1962-04-01",234.6,5,,,0,21.3,234.6,,0,"Government"
"1962-05-01",273.6,6.1,,,0,22.3,273.6,,0,"Government"
"1962-06-01",210.2,5.3,,,0,25.2,210.2,,0,"Government"
"1962-07-01",285.9,7.1,,,0,24.8,285.9,,0,"Government"
"1962-08-01",317.8,7.9,,,0,24.9,317.8,,0,"Government"
"1962-09-01",259.7,6.5,,,0,25,259.7,,0,"Government"
"1962-10-01",256.2,6.3,,,0,24.6,256.2,,0,"Government"
"1962-11-01",224.9,5.6,,,0,24.9,224.9,,0,"Government"
"1962-12-01",277.9,6.9,,,0,24.8,277.9,,0,"Government"
"1963-01-01",351.7,8.7,,,0,24.7,351.7,,0,"Government"
"1963-02-01",318.6,7.9,,,0,24.8,318.6,,0,"Government"
"1963-03-01",337.7,8.4,,,0,24.9,337.7,,0,"Government"
"1963-04-01",301.9,7.5,,,0,24.8,301.9,,0,"Government"
"1963-05-01",336.7,8.3,,,0,24.7,336.7,,0,"Government"
"1963-06-01",400.1,9.9,,,0,24.7,400.1,,0,"Government"
"1963-07-01",405.1,10,,,0,24.7,405.1,,0,"Government"
"1963-08-01",364.5,9,,,0,24.7,364.5,,0,"Government"
"1963-09-01",347.9,8.6,,,0,24.7,347.9,,0,"Government"
"1963-10-01",351.4,8.7,,,0,24.8,351.4,,0,"Government"
"1963-11-01",296.5,7.4,,,0,25,296.5,,0,"Government"
"1963-12-01",412.1,10.2,,,0,24.8,412.1,,0,"Government"
"1964-01-01",496.9,12.3,,,0,24.8,496.9,,0,"Government"
"1964-02-01",498,12.4,,,0,24.9,498,,0,"Government"
"1964-03-01",406.2,10.8,,,0,26.6,406.2,,0,"Government"
"1964-04-01",218.5,5.8,,,0,26.5,218.5,,0,"Government"
"1964-05-01",412.7,11,,,0,26.7,412.7,,0,"Government"
"1964-06-01",414.9,11,,,0,26.5,414.9,,0,"Government"
"1964-07-01",318.6,8.5,,,0,26.7,318.6,,0,"Government"
"1964-08-01",320.8,8.5,,,0,26.5,320.8,,0,"Government"
"1964-09-01",328,8.7,,,0,26.5,328,,0,"Government"
"1964-10-01",355.5,9.4,,,0,26.4,355.5,,0,"Government"
"1964-11-01",380.3,10.1,,,0,26.6,380.3,,0,"Government"
"1964-12-01",384.1,10.2,,,0,26.6,384.1,,0,"Government"
"1965-01-01",586.5,15.6,,,0,26.6,586.5,,0,"Government"
"1965-02-01",357.9,9.5,,,0,26.5,357.9,,0,"Government"
"1965-03-01",517.6,13.8,,,0,26.7,517.6,,0,"Government"
"1965-04-01",441.8,11.7,,,0,26.5,441.8,,0,"Government"
"1965-05-01",248.5,6.6,,,0,26.6,248.5,,0,"Government"
"1965-06-01",270.9,7.2,,,0,26.6,270.9,,0,"Government"
"1965-07-01",,,,,0,,,,0,"Government"
"1965-08-01",,,,,0,,,,0,"Government"
"1965-09-01",,,,,0,,,,0,"Government"
"1965-10-01",,,,,0,,,,0,"Government"
"1965-11-01",,,,,0,,,,0,"Government"
"1965-12-01",,,,,0,,,,0,"Government"
"1966-01-01",,,,,0,,,,0,"Government"
"1966-02-01",,,,,0,,,,0,"Government"
"1966-03-01",,,,,0,,,,0,"Government"
"1966-04-01",,,,,0,,,,0,"Government"
"1966-05-01",,,,,0,,,,0,"Government"
"1966-06-01",,,,,0,,,,0,"Government"
"1966-07-01",,,,,0,,,,0,"Government"
"1966-08-01",,,,,0,,,,0,"Government"
"1966-09-01",,,,,0,,,,0,"Government"
"1966-10-01",,,,,0,,,,0,"Government"
"1966-11-01",,,,,0,,,,0,"Government"
"1966-12-01",,,,,0,,,,0,"Government"
"1967-01-01",,,,,0,,,,0,"Government"
"1967-02-01",,,,,0,,,,0,"Government"
"1967-03-01",,,,,0,,,,0,"Government"
"1967-04-01",,,,,0,,,,0,"Government"
"1967-05-01",,,,,0,,,,0,"Government"
"1967-06-01",,,,,0,,,,0,"Government"
"1967-07-01",,,,,0,,,,0,"Government"
"1967-08-01",,,,,0,,,,0,"Government"
"1967-09-01",,,,,0,,,,0,"Government"
"1967-10-01",,,,,0,,,,0,"Government"
"1967-11-01",,,,,0,,,,0,"Government"
"1967-12-01",,,,,0,,,,0,"Government"
"1968-01-01",,,,,0,,,,0,"Government"
"1968-02-01",,,,,0,,,,0,"Government"
"1968-03-01",,,,,0,,,,0,"Government"
"1968-04-01",,,,,0,,,,0,"Government"
"1968-05-01",,,,,0,,,,0,"Government"
"1968-06-01",,,,,0,,,,0,"Government"
"1968-07-01",,,,,0,,,,0,"Government"
"1968-08-01",,,,,0,,,,0,"Government"
"1968-09-01",,,,,0,,,,0,"Government"
"1968-10-01",,,,,0,,,,0,"Government"
"1968-11-01",,,,,0,,,,0,"Government"
"1968-12-01",,,,,0,,,,0,"Government"
"1969-01-01",,,,,0,,,,0,"Government"
"1969-02-01",,,,,0,,,,0,"Government"
"1969-03-01",,,,,0,,,,0,"Government"
"1969-04-01",,,,,0,,,,0,"Government"
"1969-05-01",,,,,0,,,,0,"Government"
"1969-06-01",,,,,0,,,,0,"Government"
"1969-07-01",,,,,0,,,,0,"Government"
"1969-08-01",,,,,0,,,,0,"Government"
"1969-09-01",,,,,0,,,,0,"Government"
"1969-10-01",,,,,0,,,,0,"Government"
"1969-11-01",,,,,0,,,,0,"Government"
"1969-12-01",,,,,0,,,,0,"Government"
"1970-01-01",,,,,0,,,,0,"Government"
"1970-02-01",,,,,0,,,,0,"Government"
"1970-03-01",,,,,0,,,,0,"Government"
"1970-04-01",,,,,0,,,,0,"Government"
"1970-05-01",,,,,0,,,,0,"Government"
"1970-06-01",,,,,0,,,,0,"Government"
"1970-07-01",,,,,0,,,,0,"Government"
"1970-08-01",,,,,0,,,,0,"Government"
"1970-09-01",,,,,0,,,,0,"Government"
"1970-10-01",,,,,0,,,,0,"Government"
"1970-11-01",,,,,0,,,,0,"Government"
"1970-12-01",,,,,0,,,,0,"Government"
"1971-01-01",,,,,0,,,,0,"Government"
"1971-02-01",,,,,0,,,,0,"Government"
"1971-03-01",,,,,0,,,,0,"Government"
"1971-04-01",,,,,0,,,,0,"Government"
"1971-05-01",,,,,0,,,,0,"Government"
"1971-06-01",,,,,0,,,,0,"Government"
"1971-07-01",,,,,0,,,,0,"Government"
"1971-08-01",,,,,0,,,,0,"Government"
"1971-09-01",,,,,0,,,,0,"Government"
"1971-10-01",,,,,0,,,,0,"Government"
"1971-11-01",,,,,0,,,,0,"Government"
"1971-12-01",,,,,0,,,,0,"Government"
"1972-01-01",,,,,0,,,,0,"Government"
"1972-02-01",,,,,0,,,,0,"Government"
"1972-03-01",,,,,0,,,,0,"Government"
"1972-04-01",,,,,0,,,,0,"Government"
"1972-05-01",,,,,0,,,,0,"Government"
"1972-06-01",,,,,0,,,,0,"Government"
"1972-07-01",,,,,0,,,,0,"Government"
"1972-08-01",,,,,0,,,,0,"Government"
"1972-09-01",,,,,0,,,,0,"Government"
"1972-10-01",,,,,0,,,,0,"Government"
"1972-11-01",,,,,0,,,,0,"Government"
"1972-12-01",,,,,0,,,,0,"Government"
"1973-01-01",,,,,0,,,,0,"Government"
"1973-02-01",,,,,0,,,,0,"Government"
"1973-03-01",,,,,0,,,,0,"Government"
"1973-04-01",,,,,0,,,,0,"Government"
"1973-05-01",,,,,0,,,,0,"Government"
"1973-06-01",,,,,0,,,,0,"Government"
"1973-07-01",,,,,0,,,,0,"Government"
"1973-08-01",,,,,0,,,,0,"Government"
"1973-09-01",,,,,0,,,,0,"Government"
"1973-10-01",506.1,16.8,3.8,0.007,0.202,33.2,509.9,,150,"Government"
"1973-11-01",1883.2,62.4,14.9,0.008,0.982,33.1,1898.1,,707,"Government"
"1973-12-01",1405.2,46.6,73.9,0.05,0.988,33.2,1479.1,,735,"Government"
"1974-01-01",955.5,31.7,129.4,0.119,0.962,33.2,1084.9,,716,"Government"
"1974-02-01",818.1,27.1,116.1,0.124,0.958,33.1,934.2,,644,"Government"
"1974-03-01",705.2,23.4,140.4,0.166,0.805,33.2,845.6,,599,"Government"
"1974-04-01",572.7,19,137,0.193,0.622,33.2,709.7,,448,"Government"
"1974-05-01",251.1,8.3,67.7,0.212,0.257,33.1,318.8,,191,"Government"
"1974-06-01",578,19.2,198.1,0.255,0.943,33.2,776.1,,679,"Government"
"1974-07-01",528.7,17.5,122.7,0.188,0.878,33.1,651.4,,653,"Government"
"1974-08-01",577.6,19.2,192.5,0.25,0.987,33.2,770.1,,734,"Government"
"1974-09-01",520,17.2,177.4,0.254,0.836,33.1,697.4,,602,"Government"
"1974-10-01",701.9,23.3,322.9,0.315,0.913,33.2,1024.8,,679,"Government"
"1974-11-01",325.6,10.8,159.6,0.329,0.401,33.2,485.2,,289,"Government"
"1974-12-01",794.2,26.3,430.2,0.351,1,33.1,1224.4,,744,"Government"
"1975-01-01",712.6,23.6,498.9,0.412,1,33.1,1211.5,,744,"Government"
"1975-02-01",655,21.7,544.5,0.454,1,33.1,1199.5,,672,"Government"
"1975-03-01",794.9,26.3,725.7,0.477,1,33.1,1520.6,,744,"Government"
"1975-04-01",762.6,25.3,725.3,0.487,0.994,33.2,1487.9,,716,"Government"
"1975-05-01",572.2,19,582.7,0.505,0.75,33.2,1154.9,,558,"Government"
"1975-06-01",646.4,21.4,731.3,0.531,0.989,33.1,1377.7,,712,"Government"
"1975-07-01",351,11.6,416.8,0.543,0.547,33,767.8,,407,"Government"
"1975-08-01",557.3,18.5,669.6,0.546,0.93,33.2,1226.9,,692,"Government"
"1975-09-01",520,17.2,709.4,0.577,0.993,33.1,1229.4,,715,"Government"
"1975-10-01",515,17.1,713.5,0.581,0.956,33.2,1228.5,,711,"Government"
"1975-11-01",506.9,17.6,723.5,0.588,1,34.7,1230.4,,720,"Government"
"1975-12-01",501.2,17.4,858.5,0.631,1,34.7,1359.7,,744,"Government"
"1976-01-01",522.2,18.1,810.2,0.608,1,34.7,1332.4,,744,"Government"
"1976-02-01",499.8,17.4,825.3,0.623,0.994,34.8,1325.1,,692,"Government"
"1976-03-01",270.5,9.4,478.5,0.639,0.524,34.8,749,,390,"Government"
"1976-04-01",267.9,9.3,547.7,0.672,0.547,34.7,815.6,,394,"Government"
"1976-05-01",415.5,14.5,719.2,0.634,0.786,34.9,1134.7,,585,"Government"
"1976-06-01",529.6,18.4,918.7,0.634,0.968,34.7,1448.3,,697,"Government"
"1976-07-01",434.6,15.1,940.7,0.684,1,34.7,1375.3,,744,"Government"
"1976-08-01",422.4,14.7,879,0.675,0.988,34.8,1301.4,,735,"Government"
"1976-09-01",336.4,11.7,745.8,0.689,0.836,34.8,1082.2,,602,"Government"
"1976-10-01",351.8,12.9,836.1,0.704,0.933,36.7,1187.9,,694,"Government"
"1976-11-01",326.2,12,854.4,0.724,1,36.8,1180.6,,720,"Government"
"1976-12-01",342.1,12.6,804.6,0.702,0.995,36.8,1146.7,,740,"Government"
"1977-01-01",302.1,11.1,736.4,0.709,0.837,36.7,1038.5,,623,"Government"
"1977-02-01",353.4,13,863.7,0.71,1,36.8,1217.1,,672,"Government"
"1977-03-01",343.7,12.6,800.9,0.7,0.832,36.7,1144.6,,619,"Government"
"1977-04-01",415.9,15.3,987.6,0.704,0.988,36.8,1403.5,,711,"Government"
"1977-05-01",337.7,12.4,902.1,0.728,0.859,36.7,1239.8,,639,"Government"
"1977-06-01",346.4,12.7,915.1,0.725,1,36.7,1261.5,,720,"Government"
"1977-07-01",373.9,13.7,1095.8,0.746,1,36.6,1469.7,,744,"Government"
"1977-08-01",394.9,14.5,1137.7,0.742,1,36.7,1532.6,,744,"Government"
"1977-09-01",375.3,13.8,1128,0.75,1,36.8,1503.3,,720,"Government"
"1977-10-01",340.1,12.5,1012.5,0.749,0.864,36.8,1352.6,,643,"Government"
"1977-11-01",322.6,12.5,1059.6,0.767,1,38.7,1382.2,,720,"Government"
"1977-12-01",308.3,11.9,1052.9,0.774,0.997,38.6,1361.2,,742,"Government"
"1978-01-01",328.3,12.7,1120.8,0.773,1,38.7,1449.1,,744,"Government"
"1978-02-01",290.2,11.2,1010.8,0.777,1,38.6,1301,,672,"Government"
"1978-03-01",319.4,12.3,1142.4,0.782,1,38.5,1461.8,,744,"Government"
"1978-04-01",333.6,12.9,1139.1,0.773,0.989,38.7,1472.7,,712,"Government"
"1978-05-01",313.8,12.1,1115.6,0.78,0.956,38.6,1429.4,,711,"Government"
"1978-06-01",258.1,10,1010,0.796,0.989,38.7,1268.1,,712,"Government"
"1978-07-01",238.7,9.2,1034.6,0.813,1,38.5,1273.3,,744,"Government"
"1978-08-01",284.3,11,1088.4,0.793,1,38.7,1372.7,,744,"Government"
"1978-09-01",270.1,10.5,1011.4,0.789,0.975,38.9,1281.5,,702,"Government"
"1978-10-01",211.4,8.2,932.3,0.815,0.835,38.8,1143.7,,621,"Government"
"1978-11-01",222,8.6,1011.6,0.82,0.999,38.7,1233.6,,719,"Government"
"1978-12-01",228.8,8.8,1005.2,0.815,1,38.5,1234,,744,"Government"
"1979-01-01",242,9.4,1106.2,0.821,1,38.8,1348.2,,744,"Government"
"1979-02-01",210.2,8.2,989.2,0.825,1,39,1199.4,,672,"Government"
"1979-03-01",215.8,8.4,1077.9,0.833,0.991,38.9,1293.7,,737,"Government"
"1979-04-01",210.4,8.2,986.5,0.824,0.996,39,1196.9,,717,"Government"
"1979-05-01",209,8.1,975.2,0.824,1,38.8,1184.2,,744,"Government"
"1979-06-01",187.1,7.3,909.2,0.829,0.992,39,1096.3,,714,"Government"
"1979-07-01",190.2,7.4,959.3,0.835,0.983,38.9,1149.5,,731,"Government"
"1979-08-01",195.6,7.6,971.1,0.832,0.989,38.9,1166.7,,736,"Government"
"1979-09-01",117,4.5,850.9,0.879,0.793,38.5,967.9,,571,"Government"
"1979-10-01",163.3,6.4,1025.6,0.863,0.91,39.2,1188.9,,677,"Government"
"1979-11-01",185,7,966,0.839,1,37.8,1151,,720,"Government"
"1979-12-01",180,6.8,948.4,0.84,0.991,37.8,1128.4,,737,"Government"
"1980-01-01",182.2,6.9,982.9,0.844,1,37.9,1165.1,,744,"Government"
"1980-02-01",174.4,6.5,907.5,0.839,1,37.3,1081.9,,696,"Government"
"1980-03-01",184.7,6.9,1035.3,0.849,0.997,37.4,1220,,742,"Government"
"1980-04-01",178.2,6.7,1061.4,0.856,0.999,37.6,1239.6,,719,"Government"
"1980-05-01",177.3,6.7,1043.1,0.855,1,37.8,1220.4,,744,"Government"
"1980-06-01",166.8,6.3,994.6,0.856,0.993,37.8,1161.4,,715,"Government"
"1980-07-01",170,6.4,973.5,0.851,0.987,37.6,1143.5,,734,"Government"
"1980-08-01",119.4,4.5,1062.4,0.899,0.992,37.7,1181.8,,738,"Government"
"1980-09-01",152,5.7,839.7,0.847,0.888,37.5,991.7,,639,"Government"
"1980-10-01",154,6,826.7,0.843,0.757,39,980.7,,563,"Government"
"1980-11-01",178.6,6.9,1037.5,0.853,0.975,38.6,1216.1,,702,"Government"
"1980-12-01",188.6,7.3,1081,0.851,1,38.7,1269.6,,744,"Government"
"1981-01-01",194.4,7.6,1115.5,0.852,0.996,39.1,1309.9,,741,"Government"
"1981-02-01",165.4,6.4,1051.9,0.864,0.991,38.7,1217.3,,666,"Government"
"1981-03-01",185.2,7.2,1178.4,0.864,0.985,38.9,1363.6,,733,"Government"
"1981-04-01",168,6.5,1162.6,0.874,0.993,38.7,1330.6,,715,"Government"
"1981-05-01",138.3,5.4,1033.4,0.882,0.921,39,1171.7,,685,"Government"
"1981-06-01",167.9,6.5,1262.2,0.883,0.931,38.7,1430.1,,670,"Government"
"1981-07-01",182.4,7.1,1386.1,0.884,0.999,38.9,1568.5,,743,"Government"
"1981-08-01",176.2,6.9,1337.3,0.884,1,39.2,1513.5,,744,"Government"
"1981-09-01",134.8,5.7,1039.5,0.885,0.782,42.3,1174.3,,563,"Government"
"1981-10-01",184.1,7.8,1343.8,0.88,1,42.4,1527.9,,744,"Government"
"1981-11-01",157.2,6.6,1303.2,0.892,1,42,1460.4,,720,"Government"
"1981-12-01",155.4,6.6,1299.9,0.893,0.981,42.5,1455.3,,730,"Government"
"1982-01-01",165.7,7,1380.3,0.893,1,42.2,1546,,744,"Government"
"1982-02-01",143.5,6.1,1252.5,0.897,1,42.5,1396,,672,"Government"
"1982-03-01",164.4,6.9,1359.7,0.892,0.992,42,1524.1,,738,"Government"
"1982-04-01",150,6.3,1340.3,0.899,0.999,42,1490.3,,719,"Government"
"1982-05-01",155.4,6.6,1415.5,0.901,1,42.5,1570.9,,744,"Government"
"1982-06-01",148.1,6.3,1350.1,0.901,0.997,42.5,1498.2,,718,"Government"
"1982-07-01",148,6.3,1327.7,0.9,0.957,42.6,1475.7,,712,"Government"
"1982-08-01",154.4,6.5,1416.6,0.902,1,42.1,1571,,744,"Government"
"1982-09-01",144.2,6.1,1374.6,0.905,1,42.3,1518.8,,720,"Government"
"1982-10-01",119.9,5.6,1102.3,0.902,0.794,46.7,1222.2,,591,"Government"
"1982-11-01",141.5,6.7,1284.6,0.901,1,47.3,1426.1,,720,"Government"
"1982-12-01",135.7,6.4,1402.9,0.912,1,47.2,1538.6,,744,"Government"
"1983-01-01",135.9,6.4,1408.7,0.912,0.996,47.1,1544.6,,741,"Government"
"1983-02-01",119.3,5.6,1174,0.908,0.987,46.9,1293.3,,663,"Government"
"1983-03-01",137.9,6.5,1313.8,0.905,1,47.1,1451.7,,744,"Government"
"1983-04-01",127,6,1265.7,0.909,0.999,47.2,1392.7,,719,"Government"
"1983-05-01",128.7,6.1,1304.1,0.91,0.995,47.4,1432.8,,740,"Government"
"1983-06-01",116.6,5.4,1265.1,0.916,1,46.3,1381.7,,720,"Government"
"1983-07-01",125.9,5.8,1329.5,0.913,0.999,46.1,1455.4,,743,"Government"
"1983-08-01",113.3,5.2,1308.9,0.92,0.965,45.9,1422.2,,718,"Government"
"1983-09-01",115.6,5.4,1275.9,0.917,0.965,46.7,1391.5,,695,"Government"
"1983-10-01",119.3,5.5,1347.5,0.919,1,46.1,1466.8,,744,"Government"
"1983-11-01",116.6,5.4,1327,0.919,0.986,46.3,1443.6,,710,"Government"
"1983-12-01",115.5,5.4,1371.5,0.922,0.993,46.8,1487,,739,"Government"
"1984-01-01",112.1,5.8,1335.1,0.923,0.957,51.7,1447.2,,712,"Government"
"1984-02-01",115.7,5.8,1306.9,0.919,1,50.1,1422.6,,696,"Government"
"1984-03-01",92.7,4.6,1387.9,0.937,0.993,49.6,1480.6,,739,"Government"
"1984-04-01",87.1,4.4,1283.5,0.936,0.999,50.5,1370.6,,719,"Government"
"1984-05-01",92.1,4.6,1061.6,0.92,0.789,49.9,1153.7,,587,"Government"
"1984-06-01",113.3,5.7,1437.4,0.927,0.996,50.3,1550.7,,717,"Government"
"1984-07-01",110.9,5.6,1238.3,0.918,0.989,50.5,1349.2,,736,"Government"
"1984-08-01",129.1,6.4,1661,0.928,0.948,49.6,1790.1,,705,"Government"
"1984-09-01",170.9,8.6,1838.5,0.915,0.933,50.3,2009.4,,672,"Government"
"1984-10-01",200.8,10.1,2156.3,0.915,0.993,50.3,2357.1,,739,"Government"
"1984-11-01",164.7,8.2,1959.4,0.922,0.999,49.8,2124.1,,719,"Government"
"1984-12-01",148.3,7.5,1865.7,0.926,0.961,50.6,2014,,715,"Government"
"1985-01-01",151.5,7.6,2092.3,0.932,0.988,50.2,2243.8,,735,"Government"
"1985-02-01",130,6.5,1921.7,0.937,0.958,50,2051.7,,644,"Government"
"1985-03-01",155.7,7.7,2323.2,0.937,0.996,49.5,2478.9,,741,"Government"
"1985-04-01",128.1,6.4,1984.6,0.939,0.854,50,2112.7,,615,"Government"
"1985-05-01",151,7.6,2378.4,0.94,0.988,50.3,2529.4,,735,"Government"
"1985-06-01",104.2,5.5,1752,0.944,0.999,52.8,1856.2,,719,"Government"
"1985-07-01",107.8,5.8,1571.8,0.936,0.991,53.8,1679.6,,737,"Government"
"1985-08-01",134.4,7.2,1806.3,0.931,0.853,53.6,1940.7,,635,"Government"
"1985-09-01",147.4,7.9,2065,0.933,0.886,53.6,2212.4,,638,"Government"
"1985-10-01",140.5,8.3,2166,0.939,0.859,59.1,2306.5,,639,"Government"
"1985-11-01",143,8.4,2520.7,0.946,0.997,58.7,2663.7,,718,"Government"
"1985-12-01",144.7,8.4,2601.3,0.947,0.995,58.1,2746,,740,"Government"
"1986-01-01",140.8,8.3,2357.5,0.944,1,58.9,2498.3,,744,"Government"
"1986-02-01",118.9,7,2225,0.949,1,58.9,2343.9,,672,"Government"
"1986-03-01",139.1,8.2,2567.3,0.949,0.999,59,2706.4,,743,"Government"
"1986-04-01",135.1,7.9,2477,0.948,0.999,58.5,2612.1,,719,"Government"
"1986-05-01",115.9,6.8,2302.1,0.952,0.851,58.7,2418,,633,"Government"
"1986-06-01",129.9,7.6,2517.6,0.951,0.999,58.5,2647.5,,719,"Government"
"1986-07-01",129,7.5,2642.8,0.953,0.999,58.1,2771.8,,743,"Government"
"1986-08-01",128.1,7.6,2620.9,0.953,0.991,59.3,2749,,737,"Government"
"1986-09-01",95.7,5.6,2335.3,0.961,0.906,58.5,2431,,652,"Government"
"1986-10-01",98.3,5.9,2074.9,0.955,0.953,60,2173.2,,709,"Government"
"1986-11-01",75.8,4.5,1659,0.956,0.788,59.4,1734.8,,567,"Government"
"1986-12-01",98.4,5.8,2138.5,0.956,0.981,58.9,2236.9,,730,"Government"
"1987-01-01",91.4,5.4,1625.6,0.947,0.952,59.1,1717,,708,"Government"
"1987-02-01",89.8,5.4,1594.6,0.947,0.999,60.1,1684.4,,671,"Government"
"1987-03-01",97.6,5.8,2079,0.955,0.909,59.4,2176.6,,676,"Government"
"1987-04-01",82.3,5,2306.9,0.966,0.828,60.8,2389.2,,596,"Government"
"1987-05-01",98.1,5.9,2878.7,0.967,0.999,60.1,2976.8,,743,"Government"
"1987-06-01",91.5,5.5,2717,0.967,0.992,60.1,2808.5,,714,"Government"
"1987-07-01",91.3,5.4,2796.1,0.968,0.997,59.1,2887.4,,742,"Government"
"1987-08-01",94.4,5.6,2857.4,0.968,0.997,59.3,2951.8,,742,"Government"
"1987-09-01",90.3,5.3,2723.1,0.968,1,58.7,2813.4,,720,"Government"
"1987-10-01",87.5,5.5,2700.2,0.969,0.992,62.9,2787.7,,738,"Government"
"1987-11-01",88,5.4,2658.3,0.968,0.979,61.4,2746.3,,705,"Government"
"1987-12-01",89.1,5.6,2800.9,0.969,0.999,62.9,2890,,743,"Government"
"1988-01-01",87.5,5.5,2791.2,0.97,1,62.9,2878.7,,744,"Government"
"1988-02-01",78.2,4.9,2569.8,0.97,1,62.7,2648,,696,"Government"
"1988-03-01",88.1,5.5,2728.2,0.969,1,62.4,2816.3,,744,"Government"
"1988-04-01",84.7,5.3,2585.2,0.968,0.999,62.6,2669.9,,719,"Government"
"1988-05-01",85.4,5.3,2760,0.97,0.997,62.1,2845.4,,742,"Government"
"1988-06-01",89.9,5.6,2597.7,0.967,0.99,62.3,2687.6,,713,"Government"
"1988-07-01",97.8,6.1,2642.9,0.964,0.999,62.4,2740.7,,743,"Government"
"1988-08-01",94.1,5.9,2675.2,0.966,0.997,62.7,2769.3,,742,"Government"
"1988-09-01",50.8,3.2,1460.5,0.966,0.561,63,1511.3,,404,"Government"
"1988-10-01",95.5,5.9,2692.7,0.966,0.997,61.8,2788.2,,742,"Government"
"1988-11-01",94.7,5.9,2532,0.964,0.994,62.3,2626.7,,716,"Government"
"1988-12-01",99.5,6.2,2631.8,0.964,1,62.3,2731.3,,744,"Government"
"1989-01-01",88.6,5.5,2633.8,0.967,0.995,62.1,2722.4,,740,"Government"
"1989-02-01",73.2,4.5,2383.6,0.97,0.997,61.5,2456.8,,670,"Government"
"1989-03-01",87,5.4,2648.4,0.968,1,62.1,2735.4,,744,"Government"
"1989-04-01",88,5.5,2520.7,0.966,0.994,62.5,2608.7,,716,"Government"
"1989-05-01",80.1,5,2347.9,0.967,0.87,62.4,2428,,647,"Government"
"1989-06-01",90.6,5.6,2707.5,0.968,0.994,61.8,2798.1,,716,"Government"
"1989-07-01",91.5,6.1,2609.9,0.966,0.997,66.7,2701.4,,742,"Government"
"1989-08-01",84.7,5.7,2557.1,0.968,0.953,67.3,2641.8,,709,"Government"
"1989-09-01",85.4,5.8,2427.7,0.966,1,67.9,2513.1,,720,"Government"
"1989-10-01",90.4,6,2537.3,0.966,0.997,66.4,2627.7,,742,"Government"
"1989-11-01",86.2,5.8,2416,0.966,0.993,67.3,2502.2,,715,"Government"
"1989-12-01",88.3,6,2602.3,0.967,0.989,68,2690.6,,736,"Government"
"1990-01-01",87.8,5.9,2641.8,0.968,0.999,67.2,2729.6,,743,"Government"
"1990-02-01",36,2.5,1095.5,0.968,0.482,69.4,1131.5,,324,"Government"
"1990-03-01",76.9,5.2,2236.1,0.967,0.813,67.6,2313,,605,"Government"
"1990-04-01",,,,,0,,,,0,"Government"
"1990-05-01",71.8,4.8,2066.8,0.966,0.657,66.9,2138.6,,489,"Government"
"1990-06-01",102.7,6.9,2757.6,0.964,0.99,67.2,2860.3,,713,"Government"
"1990-07-01",98.9,6.6,2649.5,0.964,0.962,66.7,2748.4,,716,"Government"
"1990-08-01",93.6,6.3,2525.1,0.964,0.929,67.3,2618.7,,691,"Government"
"1990-09-01",82.5,5.6,2180.2,0.964,0.824,67.9,2262.7,,593,"Government"
"1990-10-01",88.6,6,2619.4,0.967,0.999,67.7,2708,,743,"Government"
"1990-11-01",83.9,5.7,2479.7,0.967,1,67.9,2563.6,,720,"Government"
"1990-12-01",85.4,5.8,2491.3,0.967,0.961,67.9,2576.7,,715,"Government"
"1991-01-01",84.2,5.7,2799.4,0.971,0.988,67.7,2883.6,,735,"Government"
"1991-02-01",78.9,5.4,2384.8,0.968,0.996,68.4,2463.7,,669,"Government"
"1991-03-01",93.3,6.3,2589,0.965,1,67.5,2682.3,,744,"Government"
"1991-04-01",87.1,5.9,2421.9,0.965,0.979,67.7,2509,,705,"Government"
"1991-05-01",90.9,6.1,2447.4,0.964,0.97,67.1,2538.3,,722,"Government"
"1991-06-01",87.3,5.9,2489.8,0.966,0.982,67.6,2577.1,,707,"Government"
"1991-07-01",90.7,6.8,2574.2,0.966,0.965,75,2664.9,,718,"Government"
"1991-08-01",86.3,6.9,2467.4,0.966,0.923,80,2553.7,,687,"Government"
"1991-09-01",87.4,6.8,2541.5,0.967,0.99,77.8,2628.9,,713,"Government"
"1991-10-01",92.5,6.7,2640.4,0.966,1,72.4,2732.9,,744,"Government"
"1991-11-01",87.8,6.3,2623.1,0.968,0.999,71.8,2710.9,,719,"Government"
"1991-12-01",100.2,7.2,2689.7,0.964,1,71.9,2789.9,,744,"Government"
"1992-01-01",99.5,7.1,2667.4,0.964,0.997,71.4,2766.9,,742,"Government"
"1992-02-01",94.7,6.8,2310.2,0.961,1,71.8,2404.9,,696,"Government"
"1992-03-01",100,7.4,2524.5,0.962,1,74,2624.5,,744,"Government"
"1992-04-01",83.1,6.2,2069,0.961,0.876,74.6,2152.1,,631,"Government"
"1992-05-01",73.1,4.8,1841,0.962,0.75,65.7,1914.1,,558,"Government"
"1992-06-01",93,6.6,2399.1,0.963,0.997,71,2492.1,,718,"Government"
"1992-07-01",92.6,6.8,2537.1,0.965,0.999,73.4,2629.7,,743,"Government"
"1992-08-01",95.3,7.5,2531.1,0.964,1,78.7,2626.4,,744,"Government"
"1992-09-01",92.2,6.9,2508.1,0.965,1,74.8,2600.3,,720,"Government"
"1992-10-01",101.4,7.5,2601.7,0.962,0.999,74,2703.1,,743,"Government"
"1992-11-01",91.5,6.8,2458.5,0.964,0.982,74.3,2550,,707,"Government"
"1992-12-01",93.5,6.7,2685.1,0.966,1,71.7,2778.6,,744,"Government"
"1993-01-01",88.3,6.2,2552.9,0.967,1,70.2,2641.2,,744,"Government"
"1993-02-01",84.7,6.3,2300.2,0.964,0.999,74.4,2384.9,,671,"Government"
"1993-03-01",99.2,7.2,2572.9,0.963,1,72.6,2672.1,,744,"Government"
"1993-04-01",91.8,6.6,2492.2,0.964,0.999,71.9,2584,,719,"Government"
"1993-05-01",91.2,6.2,2514,0.965,0.999,68,2605.2,,743,"Government"
"1993-06-01",88,6.7,2484.6,0.966,0.999,76.1,2572.6,,719,"Government"
"1993-07-01",91.1,6.9,2536.3,0.965,0.997,75.7,2627.4,,742,"Government"
"1993-08-01",89.3,6.7,2623.8,0.967,1,75,2713.1,,744,"Government"
"1993-09-01",86.4,6.5,2445.4,0.966,1,75.2,2531.8,,720,"Government"
"1993-10-01",87.3,6.5,2549.6,0.967,1,74.5,2636.9,,744,"Government"
"1993-11-01",84.2,6.3,2438.1,0.967,0.997,74.8,2522.3,,718,"Government"
"1993-12-01",87.4,6.1,2509,0.966,1,69.8,2596.4,,744,"Government"
"1994-01-01",89,6.4,2596.3,0.967,1,71.9,2685.3,,744,"Government"
"1994-02-01",75.6,5.7,2301.5,0.968,1,75.4,2377.1,,672,"Government"
"1994-03-01",83.1,6.1,2469.5,0.967,1,73.4,2552.6,,744,"Government"
"1994-04-01",80,5.7,2361.9,0.967,0.994,71.3,2441.9,,716,"Government"
"1994-05-01",42.3,3,1353.9,0.97,0.583,70.9,1396.2,,434,"Government"
"1994-06-01",83,6.2,2381.6,0.966,0.982,74.7,2464.6,,707,"Government"
"1994-07-01",84.3,6.2,2408,0.966,1,73.5,2492.3,,744,"Government"
"1994-08-01",80.6,6.1,2511.6,0.969,0.999,75.7,2592.2,,743,"Government"
"1994-09-01",80.6,5.6,2387.1,0.967,0.992,69.5,2467.7,,714,"Government"
"1994-10-01",84.8,6.2,2505.5,0.967,0.999,73.1,2590.3,,743,"Government"
"1994-11-01",84.8,6.2,2355.1,0.965,0.996,73.1,2439.9,,717,"Government"
"1994-12-01",84.2,6.2,2560.6,0.968,1,73.6,2644.8,,744,"Government"
"1995-01-01",80,5.5,2536,0.969,0.98,68.8,2616,,729,"Government"
"1995-02-01",68.5,4.6,2182.3,0.97,0.957,67.2,2250.8,,643,"Government"
"1995-03-01",76.6,5.5,2558.5,0.971,1,71.8,2635.1,,744,"Government"
"1995-04-01",80.4,5.8,2448,0.968,0.999,72.1,2528.4,,719,"Government"
"1995-05-01",81.5,5.9,2516.5,0.969,1,72.4,2598,,744,"Government"
"1995-06-01",77.7,5.8,2427.6,0.969,0.996,74.6,2505.3,,717,"Government"
"1995-07-01",77.3,5.8,2539.7,0.97,0.999,75,2617,,743,"Government"
"1995-08-01",73.3,6,2555.1,0.972,0.995,81.9,2628.4,,740,"Government"
"1995-09-01",72.3,5.5,2425.5,0.971,1,76.1,2497.8,,720,"Government"
"1995-10-01",74,5.3,2573.7,0.972,0.997,71.6,2647.7,,742,"Government"
"1995-11-01",69.3,5,2469.6,0.973,0.997,72.2,2538.9,,718,"Government"
"1995-12-01",68.1,5,2552.7,0.974,1,73.4,2620.8,,744,"Government"
"1996-01-01",70.1,5.3,2517.3,0.973,0.996,75.6,2587.4,,741,"Government"
"1996-02-01",65.2,4.9,2332.6,0.973,1,75.2,2397.8,,696,"Government"
"1996-03-01",68.2,5,2476.3,0.973,0.995,73.3,2544.5,,740,"Government"
"1996-04-01",61.4,4.6,2442.7,0.975,0.999,74.9,2504.1,,719,"Government"
"1996-05-01",65,4.8,2523.5,0.975,1,73.8,2588.5,,744,"Government"
"1996-06-01",79.2,5.8,2426,0.968,0.999,73.2,2505.2,,719,"Government"
"1996-07-01",67.6,5,2529.5,0.974,0.997,74,2597.1,,742,"Government"
"1996-08-01",64.3,4.8,2555.9,0.975,0.997,74.7,2620.2,,742,"Government"
"1996-09-01",63.1,4.6,2495.9,0.975,0.999,72.9,2559,,719,"Government"
"1996-10-01",65.3,4.8,2562.7,0.975,0.997,73.5,2628,,742,"Government"
"1996-11-01",63,4.5,2478.4,0.975,0.999,71.4,2541.4,,719,"Government"
"1996-12-01",61.9,4.6,2542.4,0.976,1,74.3,2604.3,,744,"Government"
"1997-01-01",59.4,4.3,2568,0.977,1,72.4,2627.4,,744,"Government"
"1997-02-01",58.3,4.2,2304.3,0.975,1,72,2362.6,,672,"Government"
"1997-03-01",65,4.8,2529.2,0.975,1,73.8,2594.2,,744,"Government"
"1997-04-01",66.8,4.9,2542.1,0.974,0.999,73.4,2608.9,,719,"Government"
"1997-05-01",70.6,5,2568.1,0.973,0.966,70.8,2638.7,,719,"Government"
"1997-06-01",64.8,4.9,2564.1,0.975,0.996,75.6,2628.9,,717,"Government"
"1997-07-01",68.5,5.4,2655.4,0.975,0.999,78.8,2723.9,,743,"Government"
"1997-08-01",66.4,5.2,2607.7,0.975,0.993,78.3,2674.1,,739,"Government"
"1997-09-01",60.8,4.8,2537.7,0.977,0.997,78.9,2598.5,,718,"Government"
"1997-10-01",67.1,5.2,2668,0.975,0.997,77.5,2735.1,,742,"Government"
"1997-11-01",82.4,6.4,3078.5,0.974,1,77.7,3160.9,,720,"Government"
"1997-12-01",90,7.5,3226.6,0.973,1,83.3,3316.6,,744,"Government"
"1998-01-01",81.3,6.9,3199.8,0.975,1,84.9,3281.1,,744,"Government"
"1998-02-01",71.1,5.9,2876.9,0.976,1,83,2948,,672,"Government"
"1998-03-01",80.3,6.3,3184.4,0.975,1,78.5,3264.7,,744,"Government"
"1998-04-01",61,5,2433.3,0.976,0.788,82,2494.3,,567,"Government"
"1998-05-01",69.1,5.5,2868.5,0.976,0.914,79.6,2937.6,,680,"Government"
"1998-06-01",81.8,6.6,3061.5,0.974,0.986,80.7,3143.3,,710,"Government"
"1998-07-01",80.3,6.6,3070.7,0.975,0.965,82.2,3151,,718,"Government"
"1998-08-01",79.7,6.4,3139.5,0.975,0.995,80.3,3219.2,,740,"Government"
"1998-09-01",40.5,3.3,1661.2,0.976,0.538,81.5,1701.7,,387,"Government"
"1998-10-01",68.1,5.4,2807.9,0.976,0.789,79.3,2876,,587,"Government"
"1998-11-01",82,6.5,3359.6,0.976,1,79.3,3441.6,,720,"Government"
"1998-12-01",81.8,6.4,3438.5,0.977,0.995,78.2,3520.3,,740,"Government"
"1999-01-01",80.7,6.3,3259.4,0.976,1,78.1,3340.1,,744,"Government"
"1999-02-01",74.5,5.6,3146,0.977,1,75.2,3220.5,,672,"Government"
"1999-03-01",81.7,6,3380.5,0.976,1,73.4,3462.2,,744,"Government"
"1999-04-01",79.6,5.9,3289.6,0.976,0.999,74.1,3369.2,,719,"Government"
"1999-05-01",81.2,5.9,3227,0.975,0.995,72.7,3308.2,,740,"Government"
"1999-06-01",43.3,3.3,1772.8,0.976,0.556,76.2,1816.1,,400,"Government"
"1999-07-01",83.4,6.4,3319.7,0.975,0.999,76.7,3403.1,,743,"Government"
"1999-08-01",82.7,6.4,3261.3,0.975,0.996,77.4,3344,,741,"Government"
"1999-09-01",75.5,5.9,3180.6,0.977,1,78.1,3256.1,,720,"Government"
"1999-10-01",80.8,6,3259.7,0.976,0.999,74.3,3340.5,,743,"Government"
"1999-11-01",77.3,5.7,3066.1,0.975,0.968,73.7,3143.4,,697,"Government"
"1999-12-01",82.8,6.2,3259,0.975,1,74.9,3341.8,,744,"Government"
"2000-01-01",77.1,5.8,3272.1,0.977,1,75.2,3349.2,,744,"Government"
"2000-02-01",69.6,5.6,3086.4,0.978,1,80.5,3156,,696,"Government"
"2000-03-01",76.7,5.8,3229.5,0.977,0.993,75.6,3306.2,,739,"Government"
"2000-04-01",76.8,7,3122.1,0.976,0.989,91.1,3198.9,,712,"Government"
"2000-05-01",89.8,4.5,3261.1,0.973,1,50.1,3350.9,,744,"Government"
"2000-06-01",91.2,8.4,3083.9,0.971,0.972,92.1,3175.1,,700,"Government"
"2000-07-01",92.5,8,3212.4,0.972,0.962,86.5,3304.9,,716,"Government"
"2000-08-01",94,8.3,3287.1,0.972,1,88.3,3381.1,,744,"Government"
"2000-09-01",74.9,6.3,3130.5,0.977,1,84.1,3205.4,,720,"Government"
"2000-10-01",72.7,7.2,3264.3,0.978,1,99,3337,,744,"Government"
"2000-11-01",70.2,6.2,3370.2,0.98,1,88.3,3440.4,,720,"Government"
"2000-12-01",73.2,5.7,3383.4,0.979,0.976,77.9,3456.6,,726,"Government"
"2001-01-01",68,5,3323,0.98,0.999,73.5,3391,,743,"Government"
"2001-02-01",69.8,5,2945.7,0.977,0.991,71.6,3015.5,,666,"Government"
"2001-03-01",69.5,5.4,3259.8,0.979,1,77.7,3329.3,,744,"Government"
"2001-04-01",66.4,5.1,3229.4,0.98,0.997,76.8,3295.8,,718,"Government"
"2001-05-01",70.7,5,3351.6,0.979,0.996,70.7,3422.3,,741,"Government"
"2001-06-01",64.2,4.5,3232.4,0.981,0.989,70.1,3296.6,,712,"Government"
"2001-07-01",68.9,4.9,3389.5,0.98,0.984,71.1,3458.4,,732,"Government"
"2001-08-01",71,4.9,3449.1,0.98,0.997,69,3520.1,,742,"Government"
"2001-09-01",70.9,5,3241.2,0.979,0.988,70.5,3312.1,,711,"Government"
"2001-10-01",74.5,5.2,3360.6,0.978,0.996,69.8,3435.1,,741,"Government"
"2001-11-01",62.1,4.4,3154.5,0.981,0.932,70.9,3216.6,,671,"Government"
"2001-12-01",54.8,3.6,2647.1,0.98,0.786,65.7,2701.9,,585,"Government"
"2002-01-01",,,,,0,,,,0,"Government"
"2002-02-01",64.7,4.8,3101,0.98,0.999,74.2,3165.7,,671,"Government"
"2002-03-01",71.7,5.3,3420.6,0.979,1,73.9,3492.3,,744,"Government"
"2002-04-01",68.6,5.1,3138.7,0.979,0.999,74.3,3207.3,,719,"Government"
"2002-05-01",70.9,5.2,3230.8,0.979,0.999,73.3,3301.7,,743,"Government"
"2002-06-01",50.8,4,2300.5,0.978,0.747,78.7,2351.3,,538,"Government"
"2002-07-01",62.6,4.9,2720.7,0.978,0.858,78.3,2783.3,,638,"Government"
"2002-08-01",71,5.6,3098.5,0.978,0.989,78.9,3169.5,,736,"Government"
"2002-09-01",49.3,4.3,2229.9,0.978,0.74,87.2,2279.2,,533,"Government"
"2002-10-01",73.5,5.8,3123,0.977,1,78.9,3196.5,,744,"Government"
"2002-11-01",67.9,5.4,2964.9,0.978,0.997,79.5,3032.8,,718,"Government"
"2002-12-01",68.4,5.7,3093.6,0.978,0.997,83.3,3162,,742,"Government"
"2003-01-01",64.9,5.2,3020.6,0.979,1,80.1,3085.5,,744,"Government"
"2003-02-01",56.2,4.4,2672.1,0.979,0.984,78.3,2728.3,,661,"Government"
"2003-03-01",63.4,4.9,3007.9,0.979,1,77.3,3071.3,,744,"Government"
"2003-04-01",61.7,4.7,2880.9,0.979,0.993,76.2,2942.6,,715,"Government"
"2003-05-01",63.4,5.2,3000.5,0.979,1,82,3063.9,,744,"Government"
"2003-06-01",61.3,5,2873.6,0.979,0.985,81.6,2934.9,,709,"Government"
"2003-07-01",65.6,5.7,3121.2,0.979,0.997,86.9,3186.8,,742,"Government"
"2003-08-01",62.2,4.8,3139.5,0.981,1,77.2,3201.7,,744,"Government"
"2003-09-01",62.2,4.9,3026.3,0.98,1,78.8,3088.5,,720,"Government"
"2003-10-01",58.4,4.4,3110.8,0.982,0.991,75.3,3169.2,,737,"Government"
"2003-11-01",63.6,4.6,3123.4,0.98,1,72.3,3187,,720,"Government"
"2003-12-01",60.6,4.4,3250.7,0.982,1,72.6,3311.3,,744,"Government"
"2004-01-01",58.8,4.3,3230.4,0.982,1,73.1,3289.2,,744,"Government"
"2004-02-01",53.9,4.2,3031.8,0.983,0.999,77.9,3085.7,,695,"Government"
"2004-03-01",56,4.1,3212.1,0.983,1,73.2,3268.1,,744,"Government"
"2004-04-01",59.6,4.3,3008.5,0.981,0.999,72.1,3068.1,,719,"Government"
"2004-05-01",64.4,4.4,3066.4,0.979,0.995,68.3,3130.8,,740,"Government"
"2004-06-01",59.4,4.6,2998.1,0.981,1,77.4,3057.5,,720,"Government"
"2004-07-01",62.5,5.1,3103.3,0.98,1,81.6,3165.8,,744,"Government"
"2004-08-01",62.6,5,3032.1,0.98,0.999,79.9,3094.7,,743,"Government"
"2004-09-01",59.6,4.5,2927.7,0.98,1,75.5,2987.3,,720,"Government"
"2004-10-01",59.8,4.4,3039.6,0.981,1,73.6,3099.4,,744,"Government"
"2004-11-01",57.1,4,2882.9,0.981,1,70.1,2940,,720,"Government"
"2004-12-01",61,4.2,2954.2,0.98,0.999,68.9,3015.2,,743,"Government"
"2005-01-01",57.4,4,2930.5,0.981,0.962,69.7,2987.9,,716,"Government"
"2005-02-01",52.3,3.8,2783.3,0.982,0.997,72.7,2835.6,,670,"Government"
"2005-03-01",61.6,4.5,3073.4,0.98,1,73.1,3135,,744,"Government"
"2005-04-01",60.2,4.2,2911.9,0.98,0.999,69.8,2972.1,,719,"Government"
"2005-05-01",57.8,4,2815,0.98,0.931,69.2,2872.8,,693,"Government"
"2005-06-01",32.5,2.9,1527.7,0.979,0.528,89.2,1560.2,,380,"Government"
"2005-07-01",62.6,4.6,3024.8,0.98,0.997,73.5,3087.4,,742,"Government"
"2005-08-01",59.7,4.4,2997.9,0.98,1,73.7,3057.6,,744,"Government"
"2005-09-01",57,4.2,2884.9,0.981,1,73.7,2941.9,,720,"Government"
"2005-10-01",59,4.1,3035.6,0.981,1,69.5,3094.6,,744,"Government"
"2005-11-01",57.3,4.1,2933.9,0.981,1,71.6,2991.2,,720,"Government"
"2005-12-01",58.6,3.7,2888.4,0.98,1,63.1,2947,,744,"Government"
"2006-01-01",58,4.4,2884.7,0.98,1,75.9,2942.7,,744,"Government"
"2006-02-01",52.9,1.5,2727,0.981,1,28.4,2779.9,,672,"Government"
"2006-03-01",59.8,1.6,2900.6,0.98,1,26.8,2960.4,,744,"Government"
"2006-04-01",58.3,1.5,2829.5,0.98,0.993,25.7,2887.8,,715,"Government"
"2006-05-01",60.9,1.4,2968.1,0.98,0.999,23,3029,,743,"Government"
"2006-06-01",58.7,1.4,2860.2,0.98,0.9,23.9,2918.9,,648,"Government"
"2006-07-01",58.6,4.2,2983.7,0.981,0.995,71.7,3042.3,,740,"Government"
"2006-08-01",58,4.3,2858.2,0.98,0.995,74.1,2916.2,,740,"Government"
"2006-09-01",56.9,4.2,2761,0.98,1,73.8,2817.9,,720,"Government"
"2006-10-01",59.6,4.3,2916.3,0.98,0.999,72.1,2975.9,,743,"Government"
"2006-11-01",60.2,4.1,2874.5,0.979,1,68.1,2934.7,,720,"Government"
"2006-12-01",24.9,1.8,1377.4,0.982,0.452,72.3,1402.3,,336,"Government"
"2007-01-01",47.4,3.8,2712.3,0.983,0.871,80.2,2759.7,,648,"Government"
"2007-02-01",51.2,3.3,2526.6,0.98,1,64.5,2577.8,,672,"Government"
"2007-03-01",53.2,4,2786.9,0.981,0.999,75.2,2840.1,,743,"Government"
"2007-04-01",47.1,3.4,2694.8,0.983,1,72.2,2741.9,,720,"Government"
"2007-05-01",46,3.5,2702,0.983,0.988,76.1,2748,,735,"Government"
"2007-06-01",45.1,3.4,2637.8,0.983,0.996,75.4,2682.9,,717,"Government"
"2007-07-01",48.5,3.5,2799.5,0.983,0.995,72.2,2848,,740,"Government"
"2007-08-01",46.9,3.6,2740.2,0.983,1,76.8,2787.1,,744,"Government"
"2007-09-01",45.4,3.3,2707.4,0.984,0.996,72.7,2752.8,,717,"Government"
"2007-10-01",43.9,3,2733.8,0.984,0.935,68.3,2777.7,,696,"Government"
"2007-11-01",46.2,3.4,2686.2,0.983,1,73.6,2732.4,,720,"Government"
"2007-12-01",47.6,3.4,2729.4,0.983,0.968,71.4,2777,,720,"Government"
"2008-01-01",25.7,2.2,2213.6,0.989,0.968,85.6,2239.3,,720,"Government"
"2008-02-01",9.5,0.7,551.1,0.983,0.207,73.7,560.6,,144,"Government"
"2008-03-01",43.5,3.1,2628,0.984,0.999,71.3,2671.5,,743,"Government"
"2008-04-01",14.9,1.2,2527.7,0.994,0.996,80.5,2542.6,,717,"Government"
"2008-05-01",15.4,1.3,2625.7,0.994,1,84.4,2641.1,,744,"Government"
"2008-06-01",9.1,0.9,1542,0.994,0.625,98.9,1551.1,,450,"Government"
"2008-07-01",14,1.3,2564.6,0.995,1,92.9,2578.6,,744,"Government"
"2008-08-01",12.5,1.2,2516.9,0.995,1,96,2529.4,,744,"Government"
"2008-09-01",31.7,3.1,2285,0.986,0.9,97.8,2316.7,,648,"Government"
"2008-10-01",40.6,3.7,2544.1,0.984,0.996,91.1,2584.7,,741,"Government"
"2008-11-01",39,3,2455,0.984,0.986,76.9,2494,,710,"Government"
"2008-12-01",47,3.3,2672.1,0.983,0.996,70.2,2719.1,,741,"Government"
"2009-01-01",47.2,3.4,2705,0.983,1,72,2752.2,,744,"Government"
"2009-02-01",38.8,3.1,2384.7,0.984,0.994,79.9,2423.5,,668,"Government"
"2009-03-01",44.4,3.8,2545.4,0.983,0.999,85.6,2589.8,,743,"Government"
"2009-04-01",43.9,3.9,2556.9,0.983,0.997,88.8,2600.8,,718,"Government"
"2009-05-01",43.5,3.8,2458.6,0.983,0.927,87.4,2502.1,,690,"Government"
"2009-06-01",42.9,4,2550.5,0.983,1,93.2,2593.4,,720,"Government"
"2009-07-01",37,3,2596.1,0.986,1,81.1,2633.1,,744,"Government"
"2009-08-01",37.2,3,2601.7,0.986,1,80.6,2638.9,,744,"Government"
"2009-09-01",35.2,2.4,2522,0.986,0.997,68.2,2557.2,,718,"Government"
"2009-10-01",37.4,2.8,2577,0.986,1,74.9,2614.4,,744,"Government"
"2009-11-01",35.9,2.9,2450.2,0.986,1,80.8,2486.1,,720,"Government"
"2009-12-01",38.7,3.6,2448.8,0.984,0.989,93,2487.5,,736,"Government"
"2010-01-01",41.9,3.7,2471.9,0.983,1,88.3,2513.8,,744,"Government"
"2010-02-01",38.9,3.2,2286,0.983,1,82.3,2324.9,,672,"Government"
"2010-03-01",46.1,3.6,2538.9,0.982,0.999,78.1,2585,,743,"Government"
"2010-04-01",43.9,3.6,2452.9,0.982,1,82,2496.8,,720,"Government"
"2010-05-01",45.7,4,2535.3,0.982,1,87.5,2581,,744,"Government"
"2010-06-01",43.6,3.5,2443.8,0.982,1,80.3,2487.4,,720,"Government"
"2010-07-01",46.3,3.9,2499.5,0.982,0.997,84.2,2545.8,,742,"Government"
"2010-08-01",44.7,3.8,2444.6,0.982,0.96,85,2489.3,,714,"Government"
"2010-09-01",42.3,3.6,2459.5,0.983,1,85.1,2501.8,,720,"Government"
"2010-10-01",44.9,4.1,2543.8,0.983,1,91.3,2588.7,,744,"Government"
"2010-11-01",41.1,3.5,2493.5,0.984,1,85.2,2534.6,,720,"Government"
"2010-12-01",43,3.7,2537.8,0.983,1,86,2580.8,,744,"Government"
"2011-01-01",19.1,1.6,2496.4,0.992,1,83.8,2515.5,,744,"Government"
"2011-02-01",9.8,0.7,2314.2,0.996,1,71.4,2324,,672,"Government"
"2011-03-01",42.4,3.5,2582.8,0.984,0.999,82.5,2625.2,,743,"Government"
"2011-04-01",41.3,3.7,2470.2,0.984,1,89.6,2511.5,,720,"Government"
"2011-05-01",42.3,3.8,2531.4,0.984,0.984,89.8,2573.7,,732,"Government"
"2011-06-01",41.7,3.7,2454.6,0.983,1,88.7,2496.3,,720,"Government"
"2011-07-01",43.3,3.8,2488.9,0.983,0.995,87.8,2532.2,,740,"Government"
"2011-08-01",43.1,3.7,2530.2,0.983,1,85.8,2573.3,,744,"Government"
"2011-09-01",44.1,3.8,2451.6,0.982,1,86.2,2495.7,,720,"Government"
"2011-10-01",48.1,3.5,2531.1,0.981,1,72.8,2579.2,,744,"Government"
"2011-11-01",40.5,3.1,2119.5,0.981,0.867,76.5,2160,,624,"Government"
"2011-12-01",16.4,1.2,861.7,0.981,0.348,73.2,878.1,,259,"Government"
"2012-01-01",48.8,3.8,2535.9,0.981,1,77.9,2584.7,,744,"Government"
"2012-02-01",46.4,3.6,2412.7,0.981,1,77.6,2459.1,,696,"Government"
"2012-03-01",45.1,3.9,2616.6,0.983,0.999,86.5,2661.7,,743,"Government"
"2012-04-01",38.6,3.3,2573.1,0.985,1,85.5,2611.7,,720,"Government"
"2012-05-01",41.7,3.9,2666.8,0.985,0.996,93.5,2708.5,,741,"Government"
"2012-06-01",45,4,2413.7,0.982,0.978,88.9,2458.7,,704,"Government"
"2012-07-01",44.1,3.9,2525.4,0.983,0.985,88.4,2569.5,,733,"Government"
"2012-08-01",45.6,3.9,2558.4,0.982,1,85.5,2604,,744,"Government"
"2012-09-01",41.6,3.6,2293.3,0.982,0.933,86.5,2334.9,,672,"Government"
"2012-10-01",47,3.9,2563.2,0.982,1,83,2610.2,,744,"Government"
"2012-11-01",45.3,3.5,2491.9,0.982,1,77.3,2537.2,,720,"Government"
"2012-12-01",46,3.7,2710.2,0.983,1,80.4,2756.2,,744,"Government"
"2013-01-01",47.3,3.8,2731,0.983,1,80.3,2778.3,,744,"Government"
"2013-02-01",43.4,3.4,2417,0.982,1,78.3,2460.4,,672,"Government"
"2013-03-01",47.6,3.5,2635.9,0.982,0.999,73.5,2683.5,,743,"Government"
"2013-04-01",46.4,3.4,2567.2,0.982,1,73.3,2613.6,,720,"Government"
"2013-05-01",46.8,3.6,2493.6,0.982,0.968,76.9,2540.4,,720,"Government"
"2013-06-01",42.6,3.4,2360.2,0.982,0.933,79.8,2402.8,,672,"Government"
"2013-07-01",39,2.7,2249.3,0.983,0.871,69.2,2288.3,,648,"Government"
"2013-08-01",43.2,3.4,2499.7,0.983,0.968,78.7,2542.9,,720,"Government"
"2013-09-01",23.1,1.8,1348.4,0.983,0.526,77.9,1371.5,,379,"Government"
"2013-10-01",26.9,2.1,1502.8,0.982,0.567,78.1,1529.7,,422,"Government"
"2013-11-01",43.4,3.3,2517.5,0.983,1,76,2560.9,,720,"Government"
"2013-12-01",45.3,4.2,2587.6,0.983,1,92.7,2632.9,,744,"Government"
"2014-01-01",45.8,3.5,2576.1,0.983,0.992,76.4,2621.9,,738,"Government"
"2014-02-01",37.6,3.2,5238.9,0.993,1,85.1,5276.5,,672,"Government"
"2014-03-01",42.7,3.3,5482.6,0.992,0.999,77.3,5525.3,,743,"Government"
"2014-04-01",41.7,3.4,2480.2,0.983,1,81.5,2521.9,,720,"Government"
"2014-05-01",43.3,3.2,2547.5,0.983,1,73.9,2590.8,,744,"Government"
"2014-06-01",43.4,2.8,2556.5,0.983,1,64.5,2599.9,,720,"Government"
"2014-07-01",45.7,2.9,2598.1,0.983,1,63.5,2643.8,,744,"Government"
"2014-08-01",,,,,0,,,,0,"Government"
"2014-09-01",,,,,0,,,,0,"Government"
"2014-10-01",,,,,0,,,,0,"Government"
"2014-11-01",,,,,0,,,,0,"Government"
"2014-12-01",,,,,0,,,,0,"Government"
"2015-01-01",21.8,1.6,1217.4,0.982,0.478,73.4,1239.2,,356,"Government"
"2015-02-01",40.8,2.8,2290.3,0.982,1,68.6,2331.1,,672,"Government"
"2015-03-01",49.6,3.5,2588.5,0.981,0.999,70.6,2638.1,,743,"Government"
"2015-04-01",48,3.6,2544.4,0.981,0.999,75,2592.4,,719,"Government"
"2015-05-01",48.5,3.8,2546.5,0.981,1,78.4,2595,,744,"Government"
"2015-06-01",40.2,3.2,2418.6,0.984,0.89,79.6,2458.8,,641,"Government"
"2015-07-01",46.9,3.8,2513.6,0.982,0.995,81,2560.5,,740,"Government"
"2015-08-01",46.1,3.7,2523.7,0.982,0.997,80.3,2569.8,,742,"Government"
"2015-09-01",34.4,2.7,1885.6,0.982,0.764,78.5,1920,,550,"Government"
"2015-10-01",45.4,3.6,2511.9,0.982,1,79.3,2557.3,,744,"Government"
"2015-11-01",38.2,2.9,2096.3,0.982,0.867,75.9,2134.5,,624,"Government"
"2015-12-01",46.8,3.6,2548.8,0.982,1,76.9,2595.6,,744,"Government"
"2016-01-01",46.5,3.7,2484.7,0.982,1,79.6,2531.2,,744,"Government"
"2016-02-01",43.1,3.3,2278.9,0.981,1,76.6,2322,,696,"Government"
"2016-03-01",44.3,3.4,2424.1,0.982,1,76.7,2468.4,,744,"Government"
"2016-04-01",35.9,2.7,13383.9,0.997,1,75.2,13419.8,,720,"Government"
"2016-05-01",44.1,3.8,2465.8,0.982,1,86.2,2509.9,,744,"Government"
"2016-06-01",40,3.6,2459.6,0.984,0.994,90,2499.6,,716,"Government"
"2016-07-01",42.3,3.4,2505.1,0.983,0.999,80.4,2547.4,,743,"Government"
"2016-08-01",44.1,3.5,2503,0.983,1,79.4,2547.1,,744,"Government"
"2016-09-01",13.7,1.2,816.1,0.983,0.338,87.6,829.8,,243,"Government"
"2016-10-01",43.7,3.6,2495.1,0.983,1,82.4,2538.8,,744,"Government"
"2016-11-01",34.1,2.7,2057.9,0.984,0.819,79.2,2092,,590,"Government"
"2016-12-01",44.9,3.5,2569.8,0.983,1,78,2614.7,,744,"Government"
"2017-01-01",43.5,3.3,2486.7,0.983,1,75.9,2530.2,,744,"Government"
"2017-02-01",37.9,2.9,2286,0.984,0.979,76.5,2323.9,,658,"Government"
"2017-03-01",41.4,3.2,2555.9,0.984,1,77.3,2597.3,,744,"Government"
"2017-04-01",42.5,3.6,2376,0.982,0.958,84.7,2418.5,,690,"Government"
"2017-05-01",46.8,4,2548.7,0.982,1,85.5,2595.5,,744,"Government"
"2017-06-01",44.4,4.1,2471.6,0.982,0.992,92.3,2516,,714,"Government"
"2017-07-01",46.1,4.2,2552,0.982,1,91.1,2598.1,,744,"Government"
"2017-08-01",39.3,3.9,2144.2,0.982,0.867,99.2,2183.5,,645,"Government"
"2017-09-01",42.6,4.3,2439.2,0.983,0.997,100.9,2481.8,,718,"Government"
"2017-10-01",45.3,4.3,2514,0.982,1,94.9,2559.3,,744,"Government"
"2017-11-01",44.7,4.1,2428.9,0.982,1,91.7,2473.6,,720,"Government"
"2017-12-01",45.8,4.3,2500.5,0.982,1,93.9,2546.3,,744,"Government"
"2018-01-01",45.2,4.1,2576.7,0.983,1,90.7,2621.9,,744,"Government"
"2018-02-01",40.7,3.7,2345.6,0.983,1,90.9,2386.3,,672,"Government"
"2018-03-01",43.5,3.9,2583,0.983,1,89.7,2626.5,,744,"Government"
"2018-04-01",40.7,3.8,2495.7,0.984,0.997,93.4,2536.4,,718,"Government"
"2018-05-01",42,3.7,2616.2,0.984,1,88.1,2658.2,,744,"Government"
"2018-06-01",38.2,3.4,2399.4,0.984,0.947,89,2437.6,,682,"Government"
"2018-07-01",42.7,3.7,2627.7,0.984,0.989,86.7,2670.4,,736,"Government"
"2018-08-01",42,3.7,2596.7,0.984,1,88.1,2638.7,,744,"Government"
"2018-09-01",13.3,1,757.8,0.983,0.3,75.2,771.1,,216,"Government"
"2018-10-01",37.7,3.3,2239,0.983,0.868,87.5,2276.7,,646,"Government"
"2018-11-01",43.5,3.3,2454.6,0.983,0.993,75.9,2498.1,,715,"Government"
"2018-12-01",46.3,3.8,2530.7,0.982,1,82.1,2577,,744,"Government"
"2019-01-01",43.3,3.4,2320.2,0.982,0.903,78.5,2363.5,,672,"Government"
"2019-02-01",41.9,3.2,2268.1,0.982,0.994,76.4,2310,,668,"Government"
"2019-03-01",44.2,3.5,2563.3,0.983,1,79.2,2607.5,,744,"Government"
"2019-04-01",35.4,2.8,2256.4,0.985,0.939,79.1,2291.8,,676,"Government"
"2019-05-01",40.1,3.2,2580.1,0.985,0.996,79.8,2620.2,,741,"Government"
"2019-06-01",41,3.6,2572.2,0.984,0.992,87.8,2613.2,,714,"Government"
"2019-07-01",42.7,3.4,2585.5,0.984,0.966,79.6,2628.2,,719,"Government"
"2019-08-01",39,3.2,2332,0.984,0.87,82.1,2371,,647,"Government"
"2019-09-01",36.1,2.8,2101.5,0.983,0.824,77.6,2137.6,,593,"Government"
"2019-10-01",41.8,3.4,2486.8,0.983,0.933,81.3,2528.6,,694,"Government"
"2019-11-01",42.8,3.6,2674,0.984,1,84.1,2716.8,,720,"Government"
"2019-12-01",72.3,6.1,14949.4,0.995,0.995,84.4,15021.7,,740,"Government"
"2020-01-01",69.1,5.5,14803.8,0.995,0.995,79.6,14872.9,,740,"Government"
"2020-02-01",47.8,4.1,5267.7,0.991,1,85.8,5315.5,,696,"Government"
"2020-03-01",45.3,4.1,2706,0.984,1,90.5,2751.3,,744,"Government"
"2020-04-01",41.2,3.8,2687.8,0.985,1,92.2,2729,,720,"Government"
"2020-05-01",16.6,1.5,2868.5,0.994,0.991,90.4,2885.1,,737,"Government"
"2020-06-01",39.8,4.2,2564.8,0.985,0.982,105.5,2604.6,,707,"Government"
"2020-07-01",43.5,4.9,2682.2,0.984,1,112.6,2725.7,,744,"Government"
"2020-08-01",45.1,5.1,2684.9,0.983,0.997,113.1,2730,,742,"Government"
"2020-09-01",43,3.4,2544.2,0.983,0.992,79.1,2587.2,,714,"Government"
"2020-10-01",43.6,3.6,2662.2,0.984,0.997,82.6,2705.8,,742,"Government"
"2020-11-01",42.7,3.2,2577.8,0.984,0.997,74.9,2620.5,,718,"Government"
"2020-12-01",44.2,3.8,2661.9,0.984,1,86,2706.1,,744,"Government"
"2021-01-01",43.7,3.6,2673.7,0.984,1,82.4,2717.4,,744,"Government"
"2021-02-01",39.5,3.2,2412.2,0.984,1,81,2451.7,,672,"Government"
"2021-03-01",43.7,4,2649.3,0.984,0.997,91.5,2693,,742,"Government"
"2021-04-01",52.6,4.8,7713.8,0.993,0.996,91.3,7766.4,,717,"Government"
"2021-05-01",40.5,3.9,9168.7,0.996,0.608,96.3,9209.2,,452,"Government"
"2021-06-01",58.6,5.8,11267,0.995,0.997,99,11325.6,,718,"Government"
"2021-07-01",42.8,4.6,2676.2,0.984,0.995,107.5,2719,,740,"Government"
"2021-08-01",43.7,4.5,2650,0.984,1,103,2693.7,,744,"Government"
"2021-09-01",40.8,4,2555.9,0.984,1,98,2596.7,,720,"Government"
"2021-10-01",41.7,3.9,2597.2,0.984,0.997,93.5,2638.9,,742,"Government"
"2021-11-01",41.1,3.7,2532.9,0.984,1,90,2574,,720,"Government"
"2021-12-01",41.5,3.4,2619.6,0.984,1,81.9,2661.1,,744,"Government"
"2022-01-01",41.3,3.6,2618.5,0.984,1,87.2,2659.8,,744,"Government"
"2022-02-01",37.5,3,2392.1,0.985,1,80,2429.6,,672,"Government"
"2022-03-01",42.7,3.6,2601.6,0.984,1,84.3,2644.3,,744,"Government"
"2022-04-01",42.2,3.4,2550.3,0.984,1,80.6,2592.5,,720,"Government"